"ID番号","PCD-400A"
"タイトル",""
"試験日時","2023/06/27","14:28:12"
"測定CH数",2
"デジタル入力","OFF"
"サンプリング周波数(Hz)",500
"集録データ数/CH",1125
"測定時間(sec)",2.25
"CH名称"
"CH No","CH1","CH2"
"レンジ",1000,1000
"校正係数",0.01559,0.01498
"オフセット",0,0
"単位","m/s2","m/s2"
0.000,-0.115561825609756,-0.105632748780488
0.002,-0.118293878048781,-0.104480019512195
0.004,-0.121235064634146,-0.103157395121951
0.006,-0.124556495121951,-0.103418631707317
0.008,-0.127241017073171,-0.104925765853659
0.010,-0.130343807317073,-0.105864756097561
0.012,-0.133859162195122,-0.106769036585366
0.014,-0.136598819512195,-0.106641158536585
0.016,-0.138981047560976,-0.106522414634146
0.018,-0.140260568292683,-0.10569486097561
0.020,-0.140770095121951,-0.104975090243902
0.022,-0.140125581707317,-0.104997012195122
0.024,-0.139315662195122,-0.105658324390244
0.026,-0.13660262195122,-0.106292234146341
0.028,-0.133224154878049,-0.106400017073171
0.030,-0.130180302439024,-0.107715334146341
0.032,-0.125771374390244,-0.108504524390244
0.034,-0.120402330487805,-0.110055502439024
0.036,-0.116078957317073,-0.111374473170732
0.038,-0.115390715853659,-0.112267792682927
0.040,-0.118369926829268,-0.112744595121951
0.042,-0.1201989,-0.111522446341463
0.044,-0.120324380487805,-0.112351826829268
0.046,-0.118696936585366,-0.114998902439024
0.048,-0.11809425,-0.116710641463415
0.050,-0.11968747195122,-0.118206814634146
0.052,-0.120269245121951,-0.118778612195122
0.054,-0.119086686585366,-0.119852787804878
0.056,-0.117082801219512,-0.121697885365854
0.058,-0.115424937804878,-0.124365056097561
0.060,-0.117400304878049,-0.12689156097561
0.062,-0.121980342682927,-0.127788534146341
0.064,-0.123647712195122,-0.127280675609756
0.066,-0.125624980487805,-0.126264958536585
0.068,-0.127545212195122,-0.126597441463415
0.070,-0.130628990243902,-0.127614985365854
0.072,-0.134990387804878,-0.128773195121951
0.074,-0.137760464634146,-0.128382253658537
0.076,-0.138541865853659,-0.128471768292683
0.078,-0.137958191463415,-0.128784156097561
0.080,-0.137939179268293,-0.129034431707317
0.082,-0.138275695121951,-0.129122119512195
0.084,-0.136965754878049,-0.129763336585366
0.086,-0.136503758536585,-0.129100197560976
0.088,-0.135825023170732,-0.128177648780488
0.090,-0.135712851219512,-0.127662482926829
0.092,-0.135001795121951,-0.128053424390244
0.094,-0.130961703658537,-0.129204326829268
0.096,-0.128568068292683,-0.131754580487805
0.098,-0.128619401219512,-0.134288392682927
0.100,-0.131014937804878,-0.136597504878049
0.102,-0.133412375609756,-0.137618702439024
0.104,-0.1331386,-0.138203287804878
0.106,-0.13338956097561,-0.138663648780488
0.108,-0.1343858,-0.13835126097561
0.110,-0.13728706097561,-0.137784943902439
0.112,-0.139416426829268,-0.138488273170732
0.114,-0.137648292682927,-0.138457217073171
0.116,-0.135602580487805,-0.139405341463415
0.118,-0.136279414634146,-0.139136797560976
0.120,-0.138505742682927,-0.138828063414634
0.122,-0.139771954878049,-0.13858692195122
0.124,-0.13876811097561,-0.139376112195122
0.126,-0.138661642682927,-0.141339953658537
0.128,-0.140287185365854,-0.143813480487805
0.130,-0.143074373170732,-0.144381624390244
0.132,-0.144715125609756,-0.144083851219512
0.134,-0.143937526829268,-0.143908475609756
0.136,-0.144971790243902,-0.143577819512195
0.138,-0.146302643902439,-0.142752092682927
0.140,-0.148106901219512,-0.142191256097561
0.142,-0.147291278048781,-0.142348363414634
0.144,-0.143519258536585,-0.144078370731707
0.146,-0.140424073170732,-0.146586607317073
0.148,-0.141186462195122,-0.148375073170732
0.150,-0.143186545121951,-0.148983407317073
0.152,-0.141561002439024,-0.149962587804878
0.154,-0.138589396341463,-0.151508085365854
0.156,-0.138237670731707,-0.152878207317073
0.158,-0.138460113414634,-0.154608214634146
0.160,-0.139752942682927,-0.154929736585366
0.162,-0.138146412195122,-0.154902334146341
0.164,-0.137237629268293,-0.154853009756098
0.166,-0.139737732926829,-0.155039346341463
0.168,-0.145492724390244,-0.154513219512195
0.170,-0.151694502439024,-0.15325636097561
0.172,-0.153850485365854,-0.152235163414634
0.174,-0.154164186585366,-0.151298
0.176,-0.156464662195122,-0.151493470731707
0.178,-0.158670076829268,-0.151203004878049
0.180,-0.161204402439024,-0.149314063414634
0.182,-0.158476152439024,-0.147673570731707
0.184,-0.154209815853659,-0.147834331707317
0.186,-0.15141312195122,-0.149230029268293
0.188,-0.150840854878049,-0.150790141463415
0.190,-0.15242647195122,-0.151902680487805
0.192,-0.150259081707317,-0.152235163414634
0.194,-0.146709504878049,-0.153186941463415
0.196,-0.145770302439024,-0.154376207317073
0.198,-0.14681407195122,-0.155253085365854
0.200,-0.14917918902439,-0.156131790243902
0.202,-0.146690492682927,-0.156884443902439
0.204,-0.141876604878049,-0.158444556097561
0.206,-0.139165465853659,-0.160331670731707
0.208,-0.139420229268293,-0.162516558536585
0.210,-0.139865114634146,-0.164785480487805
0.212,-0.138840357317073,-0.166794992682927
0.214,-0.137450565853659,-0.167649948780488
0.216,-0.138861270731707,-0.168541441463415
0.218,-0.142062924390244,-0.168819119512195
0.220,-0.145108678048781,-0.167607931707317
0.222,-0.146506074390244,-0.16568976097561
0.224,-0.147449079268293,-0.164462131707317
0.226,-0.14989785,-0.163291134146341
0.228,-0.153236391463415,-0.16243617804878
0.230,-0.157054040243902,-0.161404019512195
0.232,-0.16032603902439,-0.159021834146341
0.234,-0.16113976097561,-0.156946556097561
0.236,-0.162320418292683,-0.154920602439024
0.238,-0.163970676829268,-0.152511014634146
0.240,-0.16667421097561,-0.150057582926829
0.242,-0.16823321097561,-0.148999848780488
0.244,-0.167214157317073,-0.149193492682927
0.246,-0.167090578048781,-0.151402129268293
0.248,-0.167307317073171,-0.155074056097561
0.250,-0.168164767073171,-0.157507392682927
0.252,-0.166744556097561,-0.158526763414634
0.254,-0.163004857317073,-0.15940912195122
0.256,-0.159687229268293,-0.160985675609756
0.258,-0.155780223170732,-0.162100041463415
0.260,-0.151962574390244,-0.16387023902439
0.262,-0.146154348780488,-0.165757353658537
0.264,-0.139868917073171,-0.167059882926829
0.266,-0.135631098780488,-0.167863687804878
0.268,-0.134553107317073,-0.169979156097561
0.270,-0.137136864634146,-0.172286441463415
0.272,-0.13753802195122,-0.172914870731707
0.274,-0.135988528048781,-0.173506763414634
0.276,-0.135169102439024,-0.172986117073171
0.278,-0.136408697560976,-0.171612341463415
0.280,-0.140270074390244,-0.171621475609756
0.282,-0.141222585365854,-0.171524653658537
0.284,-0.140891773170732,-0.171014968292683
0.286,-0.139872719512195,-0.170176453658537
0.288,-0.142074331707317,-0.169065741463415
0.290,-0.145985140243902,-0.168165114634146
0.292,-0.14858981097561,-0.166455202439024
0.294,-0.148804648780488,-0.163740534146341
0.296,-0.14860692195122,-0.161696312195122
0.298,-0.150462512195122,-0.160558197560976
0.300,-0.152173609756098,-0.16014716097561
0.302,-0.152610890243902,-0.16041387804878
0.304,-0.151367492682927,-0.162553095121951
0.306,-0.151799069512195,-0.163205273170732
0.308,-0.154559640243902,-0.162852695121951
0.310,-0.157593986585366,-0.161460651219512
0.312,-0.159668217073171,-0.158992604878049
0.314,-0.157044534146341,-0.156646956097561
0.316,-0.155506447560976,-0.154524180487805
0.318,-0.157063546341463,-0.152814268292683
0.320,-0.158569312195122,-0.150017392682927
0.322,-0.15983172195122,-0.149127726829268
0.324,-0.157266976829268,-0.149904129268293
0.326,-0.157306902439024,-0.152317370731707
0.328,-0.160236681707317,-0.154641097560976
0.330,-0.162622712195122,-0.15580296097561
0.332,-0.164050528048781,-0.156418602439024
0.334,-0.162539058536585,-0.156115348780488
0.336,-0.162544762195122,-0.155810268292683
0.338,-0.163689296341463,-0.154759841463415
0.340,-0.164639906097561,-0.153868348780488
0.342,-0.162974437804878,-0.153826331707317
0.344,-0.159215726829268,-0.154297653658537
0.346,-0.156536908536585,-0.155908917073171
0.348,-0.15524217804878,-0.157052512195122
0.350,-0.153179354878049,-0.157518353658537
0.352,-0.149317978048781,-0.157978714634146
0.354,-0.143093385365854,-0.158722234146341
0.356,-0.139066602439024,-0.159401814634146
0.358,-0.137847920731707,-0.159769007317073
0.360,-0.137868834146341,-0.159807370731707
0.362,-0.136796546341463,-0.158570607317073
0.364,-0.134252714634146,-0.157220580487805
0.366,-0.132897145121951,-0.15623043902439
0.368,-0.133821137804878,-0.155600182926829
0.370,-0.133925704878049,-0.156279763414634
0.372,-0.131186047560976,-0.156340048780488
0.374,-0.127290448780488,-0.156816851219512
0.376,-0.126423492682927,-0.157034243902439
0.378,-0.12994265,-0.156641475609756
0.380,-0.136041762195122,-0.155463170731707
0.382,-0.140378443902439,-0.152876380487805
0.384,-0.143142817073171,-0.149655680487805
0.386,-0.145205640243902,-0.146736407317073
0.388,-0.149009980487805,-0.145044763414634
0.390,-0.15368317804878,-0.141469658536585
0.392,-0.154595763414634,-0.138669129268293
0.394,-0.152808617073171,-0.138185019512195
0.396,-0.150654535365854,-0.139279290243902
0.398,-0.148285615853659,-0.141460524390244
0.400,-0.148848376829268,-0.143945012195122
0.402,-0.150871274390244,-0.145992887804878
0.404,-0.151223,-0.14634363902439
0.406,-0.151654576829268,-0.146124419512195
0.408,-0.151570923170732,-0.144164231707317
0.410,-0.150973940243902,-0.142273463414634
0.412,-0.149097436585366,-0.140938051219512
0.414,-0.14416377195122,-0.139491202439024
0.416,-0.141026759756098,-0.138839024390244
0.418,-0.139973484146341,-0.137770329268293
0.420,-0.138262386585366,-0.136787495121951
0.422,-0.13650756097561,-0.135364395121951
0.424,-0.135134880487805,-0.133950429268293
0.426,-0.135524630487805,-0.132147348780488
0.428,-0.140070446341463,-0.128258029268293
0.430,-0.144859618292683,-0.123833448780488
0.432,-0.146642962195122,-0.120019029268293
0.434,-0.144679002439024,-0.115917797560976
0.436,-0.142127565853659,-0.113725602439024
0.438,-0.142374724390244,-0.112194719512195
0.440,-0.144180882926829,-0.109763209756098
0.442,-0.146110620731707,-0.108636056097561
0.444,-0.145846351219512,-0.109346692682927
0.446,-0.144504090243902,-0.110923246341463
0.448,-0.144521201219512,-0.112899875609756
0.450,-0.146258915853659,-0.114388741463415
0.452,-0.14878943902439,-0.116670451219512
0.454,-0.149004276829268,-0.119777887804878
0.456,-0.147049823170732,-0.124313904878049
0.458,-0.144530707317073,-0.129410758536585
0.460,-0.14120167195122,-0.134889419512195
0.462,-0.13756463902439,-0.139896758536585
0.464,-0.131336243902439,-0.143815307317073
0.466,-0.12587213902439,-0.146166436585366
0.468,-0.122178069512195,-0.147428775609756
0.470,-0.118738763414634,-0.148090087804878
0.472,-0.11625767195122,-0.148175948780488
0.474,-0.113063623170732,-0.1465044
0.476,-0.10958058902439,-0.144330473170732
0.478,-0.109046346341463,-0.142090780487805
0.480,-0.108979803658537,-0.140488651219512
0.482,-0.106348515853659,-0.139122182926829
0.484,-0.100011751219512,-0.137697256097561
0.486,-0.0943670304878049,-0.137191224390244
0.488,-0.0945229304878049,-0.137030463414634
0.490,-0.0963823231707317,-0.136500682926829
0.492,-0.0955191695121951,-0.134858363414634
0.494,-0.0942928829268293,-0.132653380487805
0.496,-0.0944734987804878,-0.130762612195122
0.498,-0.0981504573170732,-0.127242312195122
0.500,-0.104753392682927,-0.12303877804878
0.502,-0.112299332926829,-0.118981390243902
0.504,-0.118166496341463,-0.114582385365854
0.506,-0.123383442682927,-0.110714987804878
0.508,-0.130108056097561,-0.107662356097561
0.510,-0.137404936585366,-0.105205270731707
0.512,-0.142156084146341,-0.103838802439024
0.514,-0.144962284146341,-0.103466129268293
0.516,-0.150975841463415,-0.103095282926829
0.518,-0.158434325609756,-0.101893229268293
0.520,-0.160409692682927,-0.0996754585365854
0.522,-0.158852593902439,-0.0965351390243902
0.524,-0.15599506097561,-0.0932779024390244
0.526,-0.156458958536585,-0.0893410853658537
0.528,-0.162035235365854,-0.0855595487804878
0.530,-0.16474257195122,-0.0820849195121951
0.532,-0.163377496341463,-0.0800498317073171
0.534,-0.155844864634146,-0.0807714292682927
0.536,-0.148855981707317,-0.0833454317073171
0.538,-0.148308430487805,-0.0873936853658537
0.540,-0.145599192682927,-0.0903878585365854
0.542,-0.139971582926829,-0.092638512195122
0.544,-0.130450275609756,-0.0947704219512195
0.546,-0.121586790243902,-0.0980970780487805
0.548,-0.116778606097561,-0.10097616097561
0.550,-0.109211752439024,-0.102222058536585
0.552,-0.103047998780488,-0.102543580487805
0.554,-0.0982550243902439,-0.103531895121951
0.556,-0.096258743902439,-0.105104795121951
0.558,-0.0970420463414634,-0.105879370731707
0.560,-0.093549506097561,-0.106769036585366
0.562,-0.0906957756097561,-0.107421214634146
0.564,-0.0911786853658537,-0.108341936585366
0.566,-0.0931977804878049,-0.109381402439024
0.568,-0.0992075353658537,-0.108751146341463
0.570,-0.10322291097561,-0.106178970731707
0.572,-0.105145043902439,-0.103502665853659
0.574,-0.10830677195122,-0.101801887804878
0.576,-0.112865896341463,-0.100528587804878
0.578,-0.12099551097561,-0.0986232048780488
0.580,-0.126647836585366,-0.0968237780487805
0.582,-0.128957818292683,-0.0955870146341463
0.584,-0.130857136585366,-0.0951577097560976
0.586,-0.131465526829268,-0.0957715243902439
0.588,-0.132433247560976,-0.0963743780487805
0.590,-0.132022584146341,-0.0972037585365854
0.592,-0.128436884146341,-0.0978577634146341
0.594,-0.12298798902439,-0.10120086097561
0.596,-0.116698754878049,-0.104089078048781
0.598,-0.110863912195122,-0.106569912195122
0.600,-0.104916897560976,-0.108849795121951
0.602,-0.100796954878049,-0.110154151219512
0.604,-0.0984280353658537,-0.111716090243902
0.606,-0.097038243902439,-0.113577629268293
0.608,-0.0958765987804878,-0.114763241463415
0.610,-0.0931160280487805,-0.1140727
0.612,-0.0904086914634146,-0.112572873170732
0.614,-0.0862887487804878,-0.11191156097561
0.616,-0.0851233012195122,-0.111990114634146
0.618,-0.08691425,-0.112792092682927
0.620,-0.090412493902439,-0.111738012195122
0.622,-0.0950438646341464,-0.109016036585366
0.624,-0.0993634353658537,-0.104757697560976
0.626,-0.107759220731707,-0.0990342414634146
0.628,-0.118489703658537,-0.092127
0.630,-0.128670734146341,-0.0858006902439024
0.632,-0.138087474390244,-0.0811057390243903
0.634,-0.142045813414634,-0.0772018048780488
0.636,-0.144308264634146,-0.0752069073170732
0.638,-0.147296981707317,-0.0733307536585366
0.640,-0.149108843902439,-0.0722803268292683
0.642,-0.149194398780488,-0.0709650097560976
0.644,-0.146757035365854,-0.0699237170731707
0.646,-0.142542031707317,-0.0711787487804878
0.648,-0.139988693902439,-0.0744250243902439
0.650,-0.138697765853659,-0.0775068853658537
0.652,-0.136731904878049,-0.0797575390243902
0.654,-0.133015020731707,-0.0807878707317073
0.656,-0.127282843902439,-0.0824046146341463
0.658,-0.123674329268293,-0.0841090463414634
0.660,-0.120733142682927,-0.0878924097560976
0.662,-0.116902185365854,-0.0917561536585366
0.664,-0.112358270731707,-0.0963323609756098
0.666,-0.108312475609756,-0.101357968292683
0.668,-0.10719836097561,-0.105190656097561
0.670,-0.105694496341463,-0.107191034146341
0.672,-0.102741902439024,-0.108122717073171
0.674,-0.10010491097561,-0.109934931707317
0.676,-0.0995269402439024,-0.111745319512195
0.678,-0.103044196341463,-0.11308803902439
0.680,-0.106312392682927,-0.112233082926829
0.682,-0.106816215853659,-0.111027375609756
0.684,-0.104430185365854,-0.110135882926829
0.686,-0.103726734146341,-0.109293714634146
0.688,-0.106458786585366,-0.109112858536585
0.690,-0.10973648902439,-0.108376646341463
0.692,-0.109477923170732,-0.107854173170732
0.694,-0.106190714634146,-0.108073392682927
0.696,-0.104224853658537,-0.108952097560976
0.698,-0.104274285365854,-0.109352173170732
0.700,-0.105975876829268,-0.108846141463415
0.702,-0.106006296341463,-0.108961231707317
0.704,-0.10556141097561,-0.109052573170732
0.706,-0.105209685365854,-0.11018886097561
0.708,-0.106160295121951,-0.110775273170732
0.710,-0.107175546341463,-0.110550573170732
0.712,-0.106456885365854,-0.108804124390244
0.714,-0.10550057195122,-0.10666856097561
0.716,-0.104892181707317,-0.105431797560976
0.718,-0.105333264634146,-0.104176765853659
0.720,-0.108700324390244,-0.103805919512195
0.722,-0.111394352439024,-0.102300612195122
0.724,-0.114211959756098,-0.100303887804878
0.726,-0.118845231707317,-0.0991676
0.728,-0.125010886585366,-0.0975910463414634
0.730,-0.130351412195122,-0.0966684975609756
0.732,-0.132855318292683,-0.0956235512195122
0.734,-0.134170962195122,-0.0937035536585366
0.736,-0.1359448,-0.0912811780487805
0.738,-0.138625519512195,-0.0895255951219512
0.740,-0.141235893902439,-0.0894360804878049
0.742,-0.141718803658537,-0.0900553756097561
0.744,-0.140446887804878,-0.0902636341463415
0.746,-0.140283382926829,-0.0897137585365854
0.748,-0.143137113414634,-0.0885464146341464
0.750,-0.148279912195122,-0.087046587804878
0.752,-0.151962574390244,-0.0859212609756098
0.754,-0.152359929268293,-0.0858755902439024
0.756,-0.151354184146341,-0.0877279951219512
0.758,-0.149747653658537,-0.0894324268292683
0.760,-0.149416841463415,-0.0920703682926829
0.762,-0.147021304878049,-0.0957441219512195
0.764,-0.143859576829268,-0.0992041365853659
0.766,-0.141483052439024,-0.102764626829268
0.768,-0.13976435,-0.106476743902439
0.770,-0.13894112195122,-0.109459956097561
0.772,-0.138009524390244,-0.111411009756098
0.774,-0.135028412195122,-0.112689790243902
0.776,-0.132319174390244,-0.113816943902439
0.778,-0.12944072804878,-0.11464997804878
0.780,-0.127917851219512,-0.115822802439024
0.782,-0.125379723170732,-0.116675931707317
0.784,-0.120364306097561,-0.1186416
0.786,-0.11558273902439,-0.123195885365854
0.788,-0.1130275,-0.128897419512195
0.790,-0.111310698780488,-0.133457185365854
0.792,-0.107261101219512,-0.136559141463415
0.794,-0.100812164634146,-0.13917516097561
0.796,-0.0955476878048781,-0.141338126829268
0.798,-0.0943214012195122,-0.143320236585366
0.800,-0.0953024304878049,-0.144893136585366
0.802,-0.0962568426829268,-0.145583678048781
0.804,-0.0957644268292683,-0.146588434146341
0.806,-0.0947872,-0.148460934146341
0.808,-0.0955381817073171,-0.150477753658537
0.810,-0.0967207402439024,-0.15109522195122
0.812,-0.0968100975609756,-0.150404680487805
0.814,-0.0949126804878049,-0.149058307317073
0.816,-0.0927433890243902,-0.146858804878049
0.818,-0.0963233853658537,-0.144229997560976
0.820,-0.105472053658537,-0.141613978048781
0.822,-0.114913509756098,-0.137940224390244
0.824,-0.12146321097561,-0.134556936585366
0.826,-0.12769921097561,-0.131918995121951
0.828,-0.137049408536585,-0.128974146341463
0.830,-0.14613913902439,-0.125327795121951
0.832,-0.151209691463415,-0.122154592682927
0.834,-0.152650815853659,-0.121193680487805
0.836,-0.152430274390244,-0.121939026829268
0.838,-0.15476497195122,-0.122399387804878
0.840,-0.15702552195122,-0.1214129
0.842,-0.156966584146341,-0.119233492682927
0.844,-0.155323930487805,-0.117048604878049
0.846,-0.156069208536585,-0.114944097560976
0.848,-0.160223373170732,-0.112956507317073
0.850,-0.164972619512195,-0.111038336585366
0.852,-0.165162741463415,-0.109386882926829
0.854,-0.162267184146341,-0.108703648780488
0.856,-0.159601674390244,-0.110099346341463
0.858,-0.158934346341463,-0.112603929268293
0.860,-0.158831680487805,-0.115362441463415
0.862,-0.156333478048781,-0.117846929268293
0.864,-0.152137486585366,-0.120782643902439
0.866,-0.14913546097561,-0.124487453658537
0.868,-0.149390224390244,-0.127298943902439
0.870,-0.150346537804878,-0.130148797560976
0.872,-0.149228620731707,-0.132280707317073
0.874,-0.147422462195122,-0.135081236585366
0.876,-0.145270281707317,-0.137509092682927
0.878,-0.146487062195122,-0.139401687804878
0.880,-0.148462429268293,-0.141140829268293
0.882,-0.14715248902439,-0.143711178048781
0.884,-0.143184643902439,-0.146528148780488
0.886,-0.139838497560976,-0.148744092682927
0.888,-0.137043704878049,-0.151151853658537
0.890,-0.135825023170732,-0.153585190243902
0.892,-0.134735624390244,-0.15638023902439
0.894,-0.13270512195122,-0.15836052195122
0.896,-0.131575797560976,-0.158601663414634
0.898,-0.131286812195122,-0.158925012195122
0.900,-0.131070073170732,-0.158652814634146
0.902,-0.129317148780488,-0.158481092682927
0.904,-0.125815102439024,-0.158826363414634
0.906,-0.124151535365854,-0.158355041463415
0.908,-0.122392907317073,-0.157699209756098
0.910,-0.119795841463415,-0.157816126829268
0.912,-0.116040932926829,-0.158720407317073
0.914,-0.11203126097561,-0.159725163414634
0.916,-0.11080117195122,-0.161188453658537
0.918,-0.11176318902439,-0.161826017073171
0.920,-0.115548517073171,-0.160865104878049
0.922,-0.117906029268293,-0.159639302439024
0.924,-0.119223574390244,-0.157880065853659
0.926,-0.121113386585366,-0.156055063414634
0.928,-0.124372076829268,-0.154431012195122
0.930,-0.129222087804878,-0.151884412195122
0.932,-0.132870528048781,-0.149631931707317
0.934,-0.135465692682927,-0.147932980487805
0.936,-0.138247176829268,-0.146135380487805
0.938,-0.142332897560976,-0.143864631707317
0.940,-0.147618287804878,-0.142962178048781
0.942,-0.152991134146341,-0.1406622
0.944,-0.158086402439024,-0.138367702439024
0.946,-0.163126535365854,-0.136109741463415
0.948,-0.169518435365854,-0.134171475609756
0.950,-0.175201180487805,-0.131540841463415
0.952,-0.177167041463415,-0.128451673170732
0.954,-0.176463590243902,-0.126946365853659
0.956,-0.175661275609756,-0.127101646341463
0.958,-0.176282974390244,-0.127591236585366
0.960,-0.176425565853659,-0.127720941463415
0.962,-0.173385515853659,-0.129668341463415
0.964,-0.168419530487805,-0.132991343902439
0.966,-0.164771090243902,-0.136261368292683
0.968,-0.163158856097561,-0.139330441463415
0.970,-0.163415520731707,-0.141577441463415
0.972,-0.161907853658537,-0.142911026829268
0.974,-0.156658586585366,-0.143908475609756
0.976,-0.151399813414634,-0.145848568292683
0.978,-0.1463901,-0.149102151219512
0.980,-0.144724631707317,-0.151899026829268
0.982,-0.143047756097561,-0.153932287804878
0.984,-0.138937319512195,-0.155285968292683
0.986,-0.136326945121951,-0.15787823902439
0.988,-0.133585386585366,-0.160704343902439
0.990,-0.134235603658537,-0.163601695121951
0.992,-0.134317356097561,-0.166467990243902
0.994,-0.133214648780488,-0.167880129268293
0.996,-0.133290697560976,-0.168179729268293
0.998,-0.135353520731707,-0.166811434146341
1.000,-0.139129342682927,-0.164946241463415
1.002,-0.140397456097561,-0.163241809756098
1.004,-0.138876480487805,-0.162282724390244
1.006,-0.13783271097561,-0.162750392682927
1.008,-0.138897393902439,-0.16336786097561
1.010,-0.141047673170732,-0.163563331707317
1.012,-0.140475406097561,-0.163393436585366
1.014,-0.136505659756098,-0.163039031707317
1.016,-0.133366746341463,-0.1624581
1.018,-0.133716570731707,-0.161469785365854
1.020,-0.136112107317073,-0.16023302195122
1.022,-0.137144469512195,-0.158716753658537
1.024,-0.135794603658537,-0.157752187804878
1.026,-0.136279414634146,-0.156827812195122
1.028,-0.138640729268293,-0.156741951219512
1.030,-0.141728309756098,-0.156356490243902
1.032,-0.143281606097561,-0.156632341463415
1.034,-0.141570508536585,-0.15666887804878
1.036,-0.14151347195122,-0.155702485365854
1.038,-0.145110579268293,-0.154606387804878
1.040,-0.151097519512195,-0.152880034146341
1.042,-0.156092023170732,-0.150214690243902
1.044,-0.157690948780488,-0.147827024390244
1.046,-0.159464786585366,-0.146332678048781
1.048,-0.162219653658537,-0.14375502195122
1.050,-0.165581009756098,-0.141440429268293
1.052,-0.166274954878049,-0.140561724390244
1.054,-0.163124634146341,-0.139304865853659
1.056,-0.16108842804878,-0.137770329268293
1.058,-0.162267184146341,-0.136239446341463
1.060,-0.163664580487805,-0.136195602439024
1.062,-0.16263792195122,-0.136593851219512
1.064,-0.158466646341463,-0.137823307317073
1.066,-0.155322029268293,-0.139127663414634
1.068,-0.154394234146341,-0.141016604878049
1.070,-0.154382826829268,-0.142461626829268
1.072,-0.154289667073171,-0.144217209756098
1.074,-0.149871232926829,-0.145848568292683
1.076,-0.142895658536585,-0.148689287804878
1.078,-0.138452508536585,-0.151171948780488
1.080,-0.137277554878049,-0.152479958536585
1.082,-0.135861146341463,-0.15259322195122
1.084,-0.133792619512195,-0.151692595121951
1.086,-0.130016797560976,-0.150748124390244
1.088,-0.128545253658537,-0.149763463414634
1.090,-0.128410267073171,-0.149635585365854
1.092,-0.129286729268293,-0.14952232195122
1.094,-0.13050541097561,-0.149231856097561
1.096,-0.132100534146341,-0.149120419512195
1.098,-0.134176665853659,-0.148057204878049
1.100,-0.13676802804878,-0.146148168292683
1.102,-0.137986709756098,-0.144710453658537
1.104,-0.138007623170732,-0.143970587804878
1.106,-0.13972062195122,-0.143734926829268
1.108,-0.143557282926829,-0.143407924390244
1.110,-0.147494708536585,-0.142125490243902
1.112,-0.147783693902439,-0.140326063414634
1.114,-0.145709463414634,-0.138712973170732
1.116,-0.142216923170732,-0.137251509756098
1.118,-0.142342403658537,-0.135519675609756
1.120,-0.144981296341463,-0.132843370731707
1.122,-0.147065032926829,-0.130059282926829
1.124,-0.145407169512195,-0.128263509756098
1.126,-0.14303825,-0.128754926829268
1.128,-0.142629487804878,-0.130051975609756
1.130,-0.144011674390244,-0.130313212195122
1.132,-0.143536369512195,-0.130554353658537
1.134,-0.141230190243902,-0.130483107317073
1.136,-0.13839547195122,-0.129946019512195
1.138,-0.14060468902439,-0.128404175609756
1.140,-0.146625851219512,-0.126321590243902
1.142,-0.15186371097561,-0.123278092682927
1.144,-0.15270405,-0.119582417073171
1.146,-0.153261107317073,-0.117178309756098
1.148,-0.15822138902439,-0.116345275609756
1.150,-0.166725543902439,-0.115303982926829
1.152,-0.170404403658537,-0.11263863902439
1.154,-0.168204692682927,-0.110453751219512
1.156,-0.165100001219512,-0.109967814634146
1.158,-0.165596219512195,-0.11045557804878
1.160,-0.169176215853659,-0.111478602439024
1.162,-0.170425317073171,-0.111111409756098
1.164,-0.165658959756098,-0.112761036585366
1.166,-0.159799401219512,-0.115590795121951
1.168,-0.155772618292683,-0.118921104878049
1.170,-0.155911407317073,-0.121173585365854
1.172,-0.152550051219512,-0.123530195121951
1.174,-0.142405143902439,-0.126639458536585
1.176,-0.131459823170732,-0.129450948780488
1.178,-0.125604067073171,-0.133477280487805
1.180,-0.122552609756098,-0.137753887804878
1.182,-0.118046719512195,-0.143029770731707
1.184,-0.107685073170732,-0.148393341463415
1.186,-0.0980972231707317,-0.153017046341463
1.188,-0.0939924902439024,-0.156964824390244
1.190,-0.0924087743902439,-0.158592529268293
1.192,-0.089817412195122,-0.15873502195122
1.194,-0.0853609536585366,-0.158968856097561
1.196,-0.0827886036585366,-0.158619931707317
1.198,-0.0860967256097561,-0.157679114634146
1.200,-0.0910170817073171,-0.155936319512195
1.202,-0.093140743902439,-0.153974304878049
1.204,-0.0916806073170732,-0.153519424390244
1.206,-0.0923631451219512,-0.151290692682927
1.208,-0.098382406097561,-0.147361182926829
1.210,-0.107221175609756,-0.142644309756098
1.212,-0.11285448902439,-0.137932917073171
1.214,-0.1156778,-0.132967595121951
1.216,-0.118841429268293,-0.129282880487805
1.218,-0.12600142195122,-0.125309526829268
1.220,-0.133777409756098,-0.120614575609756
1.222,-0.138351743902439,-0.116902458536585
1.224,-0.138389768292683,-0.114781509756098
1.226,-0.138777617073171,-0.112342692682927
1.228,-0.14138418902439,-0.109596968292683
1.230,-0.14465808902439,-0.106431073170732
1.232,-0.14356678902439,-0.103467956097561
1.234,-0.138724382926829,-0.101716026829268
1.236,-0.137237629268293,-0.101394504878049
1.238,-0.139943064634146,-0.101091251219512
1.240,-0.142644697560976,-0.0995073902439024
1.242,-0.142504007317073,-0.0971270317073171
1.244,-0.139906941463415,-0.0960382414634146
1.246,-0.140180717073171,-0.0952673195121951
1.248,-0.143935625609756,-0.0936176926829268
1.250,-0.148618329268293,-0.0927097585365854
1.252,-0.149350298780488,-0.0930349341463415
1.254,-0.146610641463415,-0.0939593097560976
1.256,-0.145469909756098,-0.0960418951219512
1.258,-0.14664106097561,-0.0983217780487805
1.260,-0.147855940243902,-0.100097456097561
1.262,-0.145853956097561,-0.101597282926829
1.264,-0.141515373170732,-0.102488775609756
1.266,-0.140334715853659,-0.103128165853659
1.268,-0.140819526829268,-0.104310124390244
1.270,-0.140956414634146,-0.106111378048781
1.272,-0.138104585365854,-0.109280926829268
1.274,-0.132368606097561,-0.113310912195122
1.276,-0.127356991463415,-0.117830487804878
1.278,-0.122681892682927,-0.121078590243902
1.280,-0.116527645121951,-0.122118056097561
1.282,-0.108261142682927,-0.123791431707317
1.284,-0.0998596536585366,-0.125786329268293
1.286,-0.0959412402439024,-0.128581378048781
1.288,-0.0941217731707317,-0.1307005
1.290,-0.0924049719512195,-0.132755682926829
1.292,-0.0887032975609756,-0.134476556097561
1.294,-0.0848248097560976,-0.13580466097561
1.296,-0.084819106097561,-0.136186468292683
1.298,-0.0857811231707317,-0.135249304878049
1.300,-0.0866613878048781,-0.132624151219512
1.302,-0.0881329317073171,-0.130017265853659
1.304,-0.0894504768292683,-0.127706326829268
1.306,-0.0923422317073171,-0.125972665853659
1.308,-0.0965382231707317,-0.123729319512195
1.310,-0.102890197560976,-0.120729665853659
1.312,-0.109396170731707,-0.115389843902439
1.314,-0.115107434146341,-0.109401497560976
1.316,-0.120685612195122,-0.104193207317073
1.318,-0.126153519512195,-0.0990872195121951
1.320,-0.130760174390244,-0.0956600878048781
1.322,-0.135490408536585,-0.0932304048780488
1.324,-0.139817584146341,-0.0901649853658537
1.326,-0.142741659756098,-0.0877828
1.328,-0.14512578902439,-0.0861843243902439
1.330,-0.147688632926829,-0.0846497878048781
1.332,-0.151200185365854,-0.0840926048780488
1.334,-0.153107108536585,-0.0857221365853659
1.336,-0.152580470731707,-0.0871726390243903
1.338,-0.149840813414634,-0.0890323512195122
1.340,-0.147190513414634,-0.0916757731707317
1.342,-0.146565012195122,-0.0949531048780488
1.344,-0.145148603658537,-0.0980112170731707
1.346,-0.141511570731707,-0.100353212195122
1.348,-0.136087391463415,-0.102943656097561
1.350,-0.13171838902439,-0.104615204878049
1.352,-0.130301980487805,-0.105347763414634
1.354,-0.126758107317073,-0.105473814634146
1.356,-0.12080538902439,-0.104609724390244
1.358,-0.118061929268293,-0.102914426829268
1.360,-0.119447918292683,-0.101772658536585
1.362,-0.120925165853659,-0.100477436585366
1.364,-0.118529629268293,-0.100660119512195
1.366,-0.114679659756098,-0.100968853658537
1.368,-0.111913385365854,-0.100784343902439
1.370,-0.111985631707317,-0.100523107317073
1.372,-0.113282263414634,-0.100777036585366
1.374,-0.112044569512195,-0.10098712195122
1.376,-0.110685197560976,-0.102717129268293
1.378,-0.110823986585366,-0.104964129268293
1.380,-0.113778481707317,-0.105044509756098
1.382,-0.116759593902439,-0.104163978048781
1.384,-0.115008570731707,-0.106153395121951
1.386,-0.112095902439024,-0.109671868292683
1.388,-0.111945706097561,-0.111723397560976
1.390,-0.114487636585366,-0.110859307317073
1.392,-0.114905904878049,-0.108199443902439
1.394,-0.111517931707317,-0.106551643902439
1.396,-0.10856723902439,-0.106270312195122
1.398,-0.107610925609756,-0.106948065853659
1.400,-0.109474120731707,-0.107693412195122
1.402,-0.109323924390244,-0.107391985365854
1.404,-0.107312434146341,-0.109136607317073
1.406,-0.105454942682927,-0.111668592682927
1.408,-0.10727631097561,-0.115177931707317
1.410,-0.112065482926829,-0.118111819512195
1.412,-0.114706276829268,-0.118301809756098
1.414,-0.113426756097561,-0.117660592682927
1.416,-0.112337357317073,-0.116295951219512
1.418,-0.114672054878049,-0.114456334146341
1.420,-0.117227293902439,-0.111045643902439
1.422,-0.117232997560976,-0.107709853658537
1.424,-0.114575092682927,-0.104993358536585
1.426,-0.113413447560976,-0.103071534146341
1.428,-0.115917353658537,-0.101814675609756
1.430,-0.120166579268293,-0.100135819512195
1.432,-0.123305492682927,-0.0975618170731707
1.434,-0.124159140243902,-0.0959012292682927
1.436,-0.125157280487805,-0.0940378634146341
1.438,-0.128121281707317,-0.0927627365853659
1.440,-0.130492102439024,-0.0923736219512195
1.442,-0.132146163414634,-0.0923115097560976
1.444,-0.131167035365854,-0.0922347829268293
1.446,-0.129815268292683,-0.0921306536585366
1.448,-0.132880034146341,-0.0921416146341463
1.450,-0.13691442195122,-0.092488712195122
1.452,-0.140106569512195,-0.0926038024390244
1.454,-0.142232132926829,-0.0936012512195122
1.456,-0.141699791463415,-0.0950864634146342
1.458,-0.14216368902439,-0.0966009048780488
1.460,-0.143509752439024,-0.0987510829268293
1.462,-0.142348107317073,-0.102508870731707
1.464,-0.139925953658537,-0.106666734146341
1.466,-0.135501815853659,-0.110123095121951
1.468,-0.130906568292683,-0.112980256097561
1.470,-0.127691606097561,-0.116690546341463
1.472,-0.122480363414634,-0.119494729268293
1.474,-0.118497308536585,-0.121308770731707
1.476,-0.114985756097561,-0.123015029268293
1.478,-0.113584557317073,-0.124144009756098
1.480,-0.11533177804878,-0.123040604878049
1.482,-0.114666351219512,-0.120839275609756
1.484,-0.1116244,-0.119370504878049
1.486,-0.106654612195122,-0.119306565853659
1.488,-0.104711565853659,-0.119523958536585
1.490,-0.105865606097561,-0.119317526829268
1.492,-0.104350334146341,-0.11914397804878
1.494,-0.100072590243902,-0.119940475609756
1.496,-0.0972378719512195,-0.121202814634146
1.498,-0.0980192731707317,-0.122233146341463
1.500,-0.101509912195122,-0.122934648780488
1.502,-0.103770462195122,-0.124403419512195
1.504,-0.107202163414634,-0.128502824390244
1.506,-0.113084536585366,-0.130654829268293
1.508,-0.119801545121951,-0.129450948780488
1.510,-0.122430931707317,-0.126909829268293
1.512,-0.122221797560976,-0.125386253658537
1.514,-0.123134382926829,-0.124620812195122
1.516,-0.129625146341463,-0.123555770731707
1.518,-0.138412582926829,-0.121206468292683
1.520,-0.140979229268293,-0.117888946341463
1.522,-0.137652095121951,-0.113734736585366
1.524,-0.137372615853659,-0.110462885365854
1.526,-0.145325417073171,-0.10847712195122
1.528,-0.156998904878049,-0.106288580487805
1.530,-0.163596136585366,-0.10270982195122
1.532,-0.163464952439024,-0.0985647463414634
1.534,-0.162299504878049,-0.0947521536585366
1.536,-0.165018248780488,-0.0931682926829268
1.538,-0.167126701219512,-0.0938204707317073
1.540,-0.166531619512195,-0.0955760536585366
1.542,-0.162558070731707,-0.0974065365853659
1.544,-0.157331618292683,-0.0999805390243902
1.546,-0.15346643902439,-0.10199187804878
1.548,-0.14728177195122,-0.104258973170732
1.550,-0.139410723170732,-0.107138056097561
1.552,-0.132967490243902,-0.111354378048781
1.554,-0.130446473170732,-0.116102307317073
1.556,-0.133349635365854,-0.120198058536585
1.558,-0.13259295,-0.124085551219512
1.560,-0.124731407317073,-0.127786707317073
1.562,-0.115189186585366,-0.132351953658537
1.564,-0.109080568292683,-0.136423956097561
1.566,-0.107641345121951,-0.141166404878049
1.568,-0.107112806097561,-0.147543865853659
1.570,-0.103182985365854,-0.153725856097561
1.572,-0.0985649231707317,-0.158355041463415
1.574,-0.096745456097561,-0.159964478048781
1.576,-0.0976865597560976,-0.159990053658537
1.578,-0.101298876829268,-0.158517629268293
1.580,-0.107019646341463,-0.156087946341463
1.582,-0.113206214634146,-0.153263668292683
1.584,-0.120071518292683,-0.15046313902439
1.586,-0.122978482926829,-0.148406129268293
1.588,-0.12348991097561,-0.145890585365854
1.590,-0.124630642682927,-0.14417153902439
1.592,-0.127402620731707,-0.142569409756098
1.594,-0.130168895121951,-0.139401687804878
1.596,-0.131159430487805,-0.136117048780488
1.598,-0.130598570731707,-0.131939090243902
1.600,-0.132554925609756,-0.127730075609756
1.602,-0.136922026829268,-0.123542982926829
1.604,-0.141304337804878,-0.119838173170732
1.606,-0.146418618292683,-0.11754002195122
1.608,-0.152213535365854,-0.116124229268293
1.610,-0.158027464634146,-0.115545124390244
1.612,-0.161331784146341,-0.116018273170732
1.614,-0.159339306097561,-0.117167348780488
1.616,-0.155128104878049,-0.119196956097561
1.618,-0.153455031707317,-0.121511548780488
1.620,-0.15502543902439,-0.123634324390244
1.622,-0.155538768292683,-0.125574417073171
1.624,-0.150530956097561,-0.128199570731707
1.626,-0.145194232926829,-0.131292392682927
1.628,-0.145958523170732,-0.133442570731707
1.630,-0.151299048780488,-0.134423578048781
1.632,-0.155987456097561,-0.134774329268293
1.634,-0.155785926829268,-0.137379387804878
1.636,-0.153329551219512,-0.140375387804878
1.638,-0.153861892682927,-0.142302692682927
1.640,-0.155746001219512,-0.141730895121951
1.642,-0.153947447560976,-0.140101363414634
1.644,-0.145260775609756,-0.140410097560976
1.646,-0.136553190243902,-0.14104766097561
1.648,-0.133028329268293,-0.141909924390244
1.650,-0.134034074390244,-0.142238753658537
1.652,-0.133374351219512,-0.142731997560976
1.654,-0.128708758536585,-0.142140104878049
1.656,-0.127942567073171,-0.141736375609756
1.658,-0.131208862195122,-0.140760848780488
1.660,-0.132764059756098,-0.1383403
1.662,-0.129514875609756,-0.1380407
1.664,-0.120887141463415,-0.139514951219512
1.666,-0.116476312195122,-0.143166782926829
1.668,-0.117645562195122,-0.146699870731707
1.670,-0.117482057317073,-0.148263636585366
1.672,-0.115710120731707,-0.149756156097561
1.674,-0.11191908902439,-0.151526353658537
1.676,-0.112607330487805,-0.152757636585366
1.678,-0.120620970731707,-0.151999502439024
1.680,-0.127569928048781,-0.150715241463415
1.682,-0.130841926829268,-0.14928666097561
1.684,-0.131450317073171,-0.149116765853659
1.686,-0.134709007317073,-0.150289590243902
1.688,-0.142555340243902,-0.151818646341463
1.690,-0.147426264634146,-0.154023629268293
1.692,-0.147757076829268,-0.155868726829268
1.694,-0.146148645121951,-0.156407641463415
1.696,-0.146165756097561,-0.155143475609756
1.698,-0.151150753658537,-0.152010463414634
1.700,-0.1565236,-0.148190563414634
1.702,-0.157088262195122,-0.144907751219512
1.704,-0.156190886585366,-0.142907373170732
1.706,-0.158432424390244,-0.141323512195122
1.708,-0.162364146341463,-0.139818204878049
1.710,-0.163151251219512,-0.137328236585366
1.712,-0.158287931707317,-0.135766297560976
1.714,-0.150202045121951,-0.135992824390244
1.716,-0.144169475609756,-0.136540873170732
1.718,-0.140946908536585,-0.136972004878049
1.720,-0.13884606097561,-0.137706390243902
1.722,-0.134399108536585,-0.138477312195122
1.724,-0.131326737804878,-0.139155065853659
1.726,-0.132767862195122,-0.139564275609756
1.728,-0.137456269512195,-0.139790802439024
1.730,-0.141937443902439,-0.139856568292683
1.732,-0.142498303658537,-0.139047282926829
1.734,-0.142498303658537,-0.139328614634146
1.736,-0.142967904878049,-0.140170782926829
1.738,-0.143751207317073,-0.140337024390244
1.740,-0.14509917195122,-0.142514604878049
1.742,-0.145165714634146,-0.143585126829268
1.744,-0.14548892195122,-0.143157648780488
1.746,-0.148405392682927,-0.143146687804878
1.748,-0.154050113414634,-0.144633726829268
1.750,-0.161092230487805,-0.146771117073171
1.752,-0.165729304878049,-0.147834331707317
1.754,-0.167742696341463,-0.148745919512195
1.756,-0.168775058536585,-0.149405404878049
1.758,-0.166748358536585,-0.149195319512195
1.760,-0.164997335365854,-0.148727651219512
1.762,-0.162136,-0.150229304878049
1.764,-0.155508348780488,-0.153303858536585
1.766,-0.14665817195122,-0.15618842195122
1.768,-0.138743395121951,-0.158075536585366
1.770,-0.1331386,-0.159347009756098
1.772,-0.128068047560976,-0.160313402439024
1.774,-0.120862425609756,-0.161436902439024
1.776,-0.114827954878049,-0.161981297560976
1.778,-0.113858332926829,-0.162348490243902
1.780,-0.115670195121951,-0.161497187804878
1.782,-0.115240519512195,-0.160404743902439
1.784,-0.108865730487805,-0.159906019512195
1.786,-0.102449114634146,-0.160322536585366
1.788,-0.1019586,-0.16037186097561
1.790,-0.107420803658537,-0.157370380487805
1.792,-0.112154840243902,-0.153798929268293
1.794,-0.113396336585366,-0.152052480487805
1.796,-0.115808984146341,-0.150596497560976
1.798,-0.123856846341463,-0.1477777
1.800,-0.134684291463415,-0.145311480487805
1.802,-0.143296815853659,-0.143075441463415
1.804,-0.150473919512195,-0.140649412195122
1.806,-0.158487559756098,-0.138143002439024
1.808,-0.167012628048781,-0.133588717073171
1.810,-0.174653629268293,-0.130190814634146
1.812,-0.177661358536585,-0.12823976097561
1.814,-0.175754435365854,-0.128840787804878
1.816,-0.176855241463415,-0.130607331707317
1.818,-0.180594940243902,-0.131336236585366
1.820,-0.181503723170732,-0.130642041463415
1.822,-0.177437014634146,-0.129140387804878
1.824,-0.170149640243902,-0.129456429268293
1.826,-0.166212214634146,-0.129167790243902
1.828,-0.165240691463415,-0.129624497560976
1.830,-0.163425026829268,-0.13098913902439
1.832,-0.157422876829268,-0.133276329268293
1.834,-0.147150587804878,-0.135252958536585
1.836,-0.139047590243902,-0.136792975609756
1.838,-0.136422006097561,-0.137781290243902
1.840,-0.132828701219512,-0.1392391
1.842,-0.125514709756098,-0.140729792682927
1.844,-0.118461185365854,-0.143426192682927
1.846,-0.114461019512195,-0.146181051219512
1.848,-0.11591165,-0.146548243902439
1.850,-0.116059945121951,-0.146931878048781
1.852,-0.114367859756098,-0.147319165853659
1.854,-0.113537026829268,-0.147914712195122
1.856,-0.114761412195122,-0.149330504878049
1.858,-0.118677924390244,-0.150852253658537
1.860,-0.120763562195122,-0.150983785365854
1.862,-0.120628575609756,-0.149356080487805
1.864,-0.121970836585366,-0.146935531707317
1.866,-0.126539467073171,-0.145258502439024
1.868,-0.133068254878049,-0.144109426829268
1.870,-0.137119753658537,-0.142273463414634
1.872,-0.137397331707317,-0.140631143902439
1.874,-0.138192041463415,-0.139319480487805
1.876,-0.140661725609756,-0.137024982926829
1.878,-0.143891897560976,-0.134319448780488
1.880,-0.146384396341463,-0.13161026097561
1.882,-0.145574476829268,-0.130512336585366
1.884,-0.143658047560976,-0.129977075609756
1.886,-0.142296774390244,-0.130143317073171
1.888,-0.140741576829268,-0.130833858536585
1.890,-0.135946701219512,-0.13229532195122
1.892,-0.129201174390244,-0.132116292682927
1.894,-0.123932895121951,-0.1315244
1.896,-0.122972779268293,-0.131531707317073
1.898,-0.124697185365854,-0.130800975609756
1.900,-0.1275262,-0.129476524390244
1.902,-0.128761992682927,-0.128205051219512
1.904,-0.12863461097561,-0.127916412195122
1.906,-0.128353230487805,-0.129109331707317
1.908,-0.130577657317073,-0.129774297560976
1.910,-0.133446597560976,-0.129920443902439
1.912,-0.134674785365854,-0.128111882926829
1.914,-0.135129176829268,-0.126630324390244
1.916,-0.1361007,-0.125844787804878
1.918,-0.138857468292683,-0.125886804878049
1.920,-0.14110661097561,-0.12434496097561
1.922,-0.144161870731707,-0.122202090243902
1.924,-0.146006053658537,-0.121020131707317
1.926,-0.146680986585366,-0.120934270731707
1.928,-0.148196258536585,-0.121546258536585
1.930,-0.148059370731707,-0.12203402195122
1.932,-0.147736163414634,-0.122328141463415
1.934,-0.146085904878049,-0.122735524390244
1.936,-0.143920415853659,-0.122211224390244
1.938,-0.14387858902439,-0.12158462195122
1.940,-0.143161829268293,-0.12045016097561
1.942,-0.140846143902439,-0.119134843902439
1.944,-0.136929631707317,-0.119134843902439
1.946,-0.132361001219512,-0.120238248780488
1.948,-0.129355173170732,-0.121621158536585
1.950,-0.128718264634146,-0.122952917073171
1.952,-0.126839859756098,-0.124810802439024
1.954,-0.124636346341463,-0.12671983902439
1.956,-0.120160875609756,-0.128258029268293
1.958,-0.117940251219512,-0.128652624390244
1.960,-0.118375630487805,-0.12720212195122
1.962,-0.117379391463415,-0.124924065853659
1.964,-0.11678621097561,-0.12360692195122
1.966,-0.117991584146341,-0.123069834146341
1.968,-0.121079164634146,-0.123175790243902
1.970,-0.125406340243902,-0.123617882926829
1.972,-0.12701477195122,-0.124180546341463
1.974,-0.128073751219512,-0.124765131707317
1.976,-0.129615640243902,-0.125053770731707
1.978,-0.132138558536585,-0.124054495121951
1.980,-0.135456186585366,-0.122662451219512
1.982,-0.13508735,-0.12230073902439
1.984,-0.13164043902439,-0.122962051219512
1.986,-0.128771498780488,-0.123539329268293
1.988,-0.12679042804878,-0.123559424390244
1.990,-0.126579392682927,-0.123628843902439
1.992,-0.125520413414634,-0.1232854
1.994,-0.122583029268293,-0.122790329268293
1.996,-0.1214461,-0.122061424390244
1.998,-0.121223657317073,-0.119695680487805
2.000,-0.121406174390244,-0.116226531707317
2.002,-0.12076166097561,-0.114587865853659
2.004,-0.117067591463415,-0.115735114634146
2.006,-0.113086437804878,-0.117543675609756
2.008,-0.111574968292683,-0.117545502439024
2.010,-0.113594063414634,-0.117397529268293
2.012,-0.115282346341463,-0.116542573170732
2.014,-0.114943929268293,-0.115353307317073
2.016,-0.115052298780488,-0.114929482926829
2.018,-0.11747065,-0.114494697560976
2.020,-0.121274990243902,-0.113148324390244
2.022,-0.125714337804878,-0.111672246341463
2.024,-0.128545253658537,-0.110694892682927
2.026,-0.130684125609756,-0.109933104878049
2.028,-0.133625312195122,-0.109688309756098
2.030,-0.138526656097561,-0.108895465853659
2.032,-0.142652302439024,-0.108431451219512
2.034,-0.143526863414634,-0.108716436585366
2.036,-0.141806259756098,-0.109074495121951
2.038,-0.140026718292683,-0.108427797560976
2.040,-0.13915786097561,-0.107687931707317
2.042,-0.136060774390244,-0.107231224390244
2.044,-0.132330581707317,-0.107033926829268
2.046,-0.127923554878049,-0.106350692682927
2.048,-0.126613614634146,-0.1051596
2.050,-0.127615557317073,-0.104653568292683
2.052,-0.126227667073171,-0.105777068292683
2.054,-0.122048786585366,-0.107547265853659
2.056,-0.117552402439024,-0.109533029268293
2.058,-0.115240519512195,-0.110852
2.060,-0.114373563414634,-0.11166493902439
2.062,-0.111031219512195,-0.112346346341463
2.064,-0.106426465853659,-0.113601378048781
2.066,-0.103989102439024,-0.114964192682927
2.068,-0.104572776829268,-0.114894773170732
2.070,-0.107240187804878,-0.112497973170732
2.072,-0.108787780487805,-0.109905702439024
2.074,-0.109126197560976,-0.109282753658537
2.076,-0.110088214634146,-0.109702924390244
2.078,-0.113109252439024,-0.110282029268293
2.080,-0.119286314634146,-0.111531580487805
2.082,-0.123545046341463,-0.1119006
2.084,-0.126054656097561,-0.112843243902439
2.086,-0.129632751219512,-0.115219948780488
2.088,-0.133669040243902,-0.115689443902439
2.090,-0.137990512195122,-0.113696373170732
2.092,-0.140030520731707,-0.111747146341463
2.094,-0.138897393902439,-0.110742390243902
2.096,-0.13909702195122,-0.109894741463415
2.098,-0.140728268292683,-0.1077811
2.100,-0.142981213414634,-0.105819085365854
2.102,-0.142924176829268,-0.104744909756098
2.104,-0.139003862195122,-0.104169458536585
2.106,-0.135117769512195,-0.10335103902439
2.108,-0.13208152195122,-0.103942931707317
2.110,-0.1290852,-0.105974365853659
2.112,-0.124834073170732,-0.10709603902439
2.114,-0.118548641463415,-0.107419387804878
2.116,-0.114038948780488,-0.108628748780488
2.118,-0.111852546341463,-0.109041612195122
2.120,-0.109825846341463,-0.10921516097561
2.122,-0.107629937804878,-0.109019690243902
2.124,-0.103971991463415,-0.108447892682927
2.126,-0.102120203658537,-0.108542887804878
2.128,-0.102762815853659,-0.108537407317073
2.130,-0.105557608536585,-0.108511831707317
2.132,-0.107827664634146,-0.107775619512195
2.134,-0.108143267073171,-0.107697065853659
2.136,-0.110131942682927,-0.107881575609756
2.138,-0.114886892682927,-0.107238531707317
2.140,-0.12070082195122,-0.106115031707317
2.142,-0.125309378048781,-0.104912978048781
2.144,-0.1276821,-0.103959373170732
2.146,-0.13066131097561,-0.10322316097561
2.148,-0.134893425609756,-0.101860346341463
2.150,-0.139726325609756,-0.100661946341463
2.152,-0.141975468292683,-0.0997393975609756
2.154,-0.141351868292683,-0.0998654487804878
2.156,-0.140237753658537,-0.101747082926829
2.158,-0.141097104878049,-0.104019658536585
2.160,-0.142407045121951,-0.105574290243902
2.162,-0.141914629268293,-0.107258626829268
2.164,-0.136583609756098,-0.108378473170732
2.166,-0.129657467073171,-0.110398946341463
2.168,-0.128087059756098,-0.111502351219512
2.170,-0.127395015853659,-0.111854929268293
2.172,-0.125102145121951,-0.111425624390244
2.174,-0.120792080487805,-0.111538887804878
2.176,-0.115345086585366,-0.111489563414634
2.178,-0.114000924390244,-0.111283131707317
2.180,-0.11352942195122,-0.111657631707317
2.182,-0.112128223170732,-0.1119755
2.184,-0.109057753658537,-0.112249524390244
2.186,-0.106278170731707,-0.112251351219512
2.188,-0.107183151219512,-0.111937136585366
2.190,-0.110772653658537,-0.110822770731707
2.192,-0.110842998780488,-0.109330251219512
2.194,-0.110542606097561,-0.108712782926829
2.196,-0.11263775,-0.108650670731707
2.198,-0.118816713414634,-0.107238531707317
2.200,-0.125501401219512,-0.105267382926829
2.202,-0.128915991463415,-0.104609724390244
2.204,-0.130343807317073,-0.105022587804878
2.206,-0.132720331707317,-0.105086526829268
2.208,-0.138045647560976,-0.104258973170732
2.210,-0.142891856097561,-0.102514351219512
2.212,-0.143521159756098,-0.100872031707317
2.214,-0.14229297195122,-0.101220956097561
2.216,-0.141612335365854,-0.103144607317073
2.218,-0.143899502439024,-0.105431797560976
2.220,-0.14494327195122,-0.108376646341463
2.222,-0.142224528048781,-0.110669317073171
2.224,-0.138737691463415,-0.112947373170732
2.226,-0.136416302439024,-0.114494697560976
2.228,-0.136340253658537,-0.114969673170732
2.230,-0.134750834146341,-0.114142119512195
2.232,-0.130602373170732,-0.113232358536585
2.234,-0.123997536585366,-0.114726704878049
2.236,-0.118780590243902,-0.117439546341463
2.238,-0.116989641463415,-0.1211133
2.240,-0.114628326829268,-0.123709224390244
2.242,-0.113229029268293,-0.124670136585366
2.244,-0.110014067073171,-0.1270304
2.246,-0.107941737804878,-0.128279951219512
2.248,-0.107742109756098,-0.128895592682927
